2022/04/13,data/core/images/portraits/elves/druid.webp,GNU GPL v2+,Kathrin Polikeit(Kitty),,,ff015378aaf18e6727e71b1fbb0bf8f9
2022/04/13,data/core/images/portraits/elves/sorceress.webp,CC BY-SA 4.0,Kathrin Polikeit(Kitty),,,5238ea3c97c65ca43a2d50f0a7a159f1
2022/04/13,data/core/images/portraits/humans/bandit.webp,GNU GPL v2+,Kathrin Polikeit(Kitty),,,50335db1b9ca24472c72d5d8f600a081
2022/04/13,data/core/images/portraits/humans/dark-adept.webp,GNU GPL v2+,Kathrin Polikeit(Kitty),,,05d10d186fa3288a1df5c54cb483a25d
2022/04/13,data/core/images/portraits/humans/fencer.webp,GNU GPL v2+,Emilien Rotival(LordBob),,,f65e7c2a07f3a2c22688ffdf3a34595b
2022/04/13,data/core/images/portraits/humans/footpad.webp,GNU GPL v2+,Kathrin Polikeit(Kitty),,,449865b589e88aacb3b0d709312b3fa8
2022/04/13,data/core/images/portraits/humans/huntsman.webp,GNU GPL v2+,Kathrin Polikeit(Kitty),,,fa06c53b8e10ffc737912a3328808ae5
2022/04/13,data/core/images/portraits/humans/mage-white+female.webp,GNU GPL v2+,Kathrin Polikeit(Kitty),,,3b152ea0072d309de685ec0299be4e61
2022/04/13,data/core/images/portraits/humans/mage.webp,GNU GPL v2+,Kathrin Polikeit(Kitty),,,4d8beecb716f95d29d82e88bf852a842
2022/04/13,data/core/images/portraits/humans/paladin.webp,GNU GPL v2+,Emilien Rotival(LordBob),,,87f2f90020ecca890f8c4765bac7c209
2022/04/13,data/core/images/portraits/humans/swordsman.webp,GNU GPL v2+,Santiago Iborra(Quellion),,,d3a3c9078ffe2b6007baf4f7e0be519a
2022/04/13,data/core/images/portraits/humans/thief+female.webp,GNU GPL v2+,Kathrin Polikeit(Kitty),,,fe53967df8d92de984ade0e81ed13f6c
2022/04/13,data/campaigns/Heir_To_The_Throne/images/portraits/lisar.webp,GNU GPL v2+,Kathrin Polikeit(Kitty),,,38f53cfc4e7e53d6abaf53b71c6326ae
2022/04/13,data/campaigns/Liberty/images/portraits/relana.webp,GNU GPL v2+,Kathrin Polikeit(Kitty),,,3a0d45616275c55e7efa11fa7d9b35cc
2022/04/13,data/core/images/portraits/dunefolk/herbalist.webp,GNU GPL v2+,Marcus Rosén(sleepwalker),,,03bcbeb13009459198e748ab22f09bd4
2022/04/13,data/core/images/portraits/dwarves/fighter.webp,GNU GPL v2+,Phil Barber(thespaceinvader),,,3a026ba2b3bb804afcac3ec26c83cacf
2022/04/13,data/core/images/portraits/dwarves/runemaster.webp,GNU GPL v2+,Phil Barber(thespaceinvader),,,e86fd6c06ac8949d8db01e215cfb2601
2022/04/13,data/core/images/portraits/dwarves/ulfserker.webp,GNU GPL v2+,Phil Barber(thespaceinvader),,,2248a3ca61405bf0f7b89faa1dc272dd
2022/04/13,data/core/images/portraits/elves/archer+female.webp,GNU GPL v2+,Kathrin Polikeit(Kitty),,,fdbec7fd92028400bc78060959000b8b
2022/04/13,data/core/images/portraits/elves/fighter.webp,GNU GPL v2+,Kathrin Polikeit(Kitty),,,a7f3a1bab347f3d8aa142aa51f764470
2022/04/13,data/core/images/portraits/elves/lady.webp,GNU GPL v2+,Kathrin Polikeit(Kitty),,,93e5c1375a848b9777f5f42ef7a81837
2022/04/13,data/core/images/portraits/elves/lord.webp,GNU GPL v2+,Kathrin Polikeit(Kitty),,,902bc74cba64a058612b1d5b218f0670
2022/04/13,data/core/images/portraits/elves/ranger+female.webp,GNU GPL v2+,Kathrin Polikeit(Kitty),,,ba7f66b005088b75b86aa6e51f72c9f3
2022/04/13,data/core/images/portraits/elves/ranger.webp,GNU GPL v2+,Kathrin Polikeit(Kitty),,,4237266f8dcfdc2a26c75631e143dc58
2022/04/13,data/core/images/portraits/humans/assassin+female.webp,GNU GPL v2+,Kathrin Polikeit(Kitty),,,4ecedf135bc611849785fb3a1590b778
2022/04/13,data/core/images/portraits/humans/assassin.webp,GNU GPL v2+,Kathrin Polikeit(Kitty),,,6306d4b89b7f4841c5cfd3c306e024c3
2022/04/13,data/core/images/portraits/humans/dark-adept+female.webp,GNU GPL v2+,Kathrin Polikeit(Kitty),,,7513b4d187b5f15cba10940f6d7d00fa
2022/04/13,data/core/images/portraits/humans/footpad+female.webp,GNU GPL v2+,Kathrin Polikeit(Kitty),,,3604bbbd536a39d9b8f90d6e6eb47ff3
2022/04/13,data/core/images/portraits/humans/mage+female.webp,GNU GPL v2+,Kathrin Polikeit(Kitty),,,ef6538c504fa88014ef87a689370e2d5
2022/04/13,data/core/images/portraits/humans/mage-red+female.webp,GNU GPL v2+,Kathrin Polikeit(Kitty),,,1c5f392c8dd21f1e691191a909413209
2022/04/13,data/core/images/portraits/humans/mage-red.webp,GNU GPL v2+,Kathrin Polikeit(Kitty),,,1c9101a8e1c04104426fd4940f606d39
2022/04/13,data/core/images/portraits/humans/mage-white.webp,GNU GPL v2+,Kathrin Polikeit(Kitty),,,bd3bf01f0a0277335788bf174dda98d8
2022/04/13,data/core/images/portraits/humans/outlaw+female.webp,GNU GPL v2+,Kathrin Polikeit(Kitty),,,43f9619ada30d3239a75b2c958548bec
2022/04/13,data/core/images/portraits/humans/thief.webp,GNU GPL v2+,Kathrin Polikeit(Kitty),,,2219ed857ea83967b04cb10910594cbb
2022/04/13,data/core/images/portraits/orcs/grunt.webp,GNU GPL v2+,Emilien Rotival(LordBob),,,5c4edf807d9b2ff87d5a4780ce1e4213
